<?xml version="1.0" encoding="UTF-8"?>
<mapping>

	<meta-class id='Class'>
		<name to='Class'/>
		<role from='ownedAttribute' to='field' />
		<role from='ownedOperation' to='method' />
		<role from='superClass' to='superClass' />
		<role from='nestedType' to='declaringClass' />
		<role from='interfaceRealization' to='interface' />
		<role from='package' to='package' />
		<navigation from='package.profileApplication.appliedProfile.ownedStereotype' to='annotation' />
	</meta-class>

	<meta-class id='Package'>
		<name to='Package'/>
		<navigation from='profileApplication.appliedProfile.ownedStereotype' to='annotation' />
	</meta-class>
	
	<meta-class id='Operation'>
		<name to='Method'/>
		<role from='returnValuetype' to='returnType' />
		<role from='declaringTypeoperation' to='declaringClass' />
		<role from='ownedParameter' to='parameterType' />
		<role from='raisedException' to='exceptionType' />	
	</meta-class>
	
	<meta-class id='Property'>
		<name to='Field'/>
		<role from='type' to='type' />
		<role from='declaringTypeattribute' to='declaringClass' />
	</meta-class>
	
	<meta-class id='Stereotype'>
		<name to='Annotation'/>
		<role from='*' to='type.*' />
	</meta-class>

</mapping>